source_file	pdf_page	module	module_code	standard_number	standard_name	expectation_type	grade_code	grade_span	item_number	code	expectation	hbo_codes	generated_question	appropriate_answer
data/raw/hecat/MEH.pdf	62	Mental and Emotional Health	MEH	8	Advocacy	skill	2	Pre-K-2	2	MEH8.2.2	Demonstrate how to encourage peers to make healthy mental and emotional health choices.		Why do we need to be nice to our friends when they are sad?	It's really important to be nice to our friends when they're sad because it helps them feel better. When we show kindness, it's like giving them a warm hug that makes them feel loved and supported. This can help them start to feel happier again. Also, being kind to others teaches us to be good friends and makes everyone feel good around us. So, let's always try to be there for our friends when they need us!
data/raw/hecat/PHW.pdf	19	Personal Health and Wellness	PHW	2	Analyzing Influences	skill	12	9-12	4	PHW2.12.4	Analyze how personal attitudes, values, and beliefs influence healthy and unhealthy personal health and wellness-related practices and behaviors.		Why do some people eat junk food even if they know it's not good for them?	Hey there! It's a great question. Sometimes, people might choose to eat junk food even if they know it's not the best for them because of their personal attitudes, values, and beliefs. For example, they might really enjoy the taste or think it makes them feel happy in the moment. But they also know that eating too much junk food can make them feel sick or less energetic. It's important to remember that everyone has different thoughts and feelings about food, and it's okay to enjoy treats sometimes, but it's also good to try to balance those with healthier choices. If you ever have questions about what's good for you, it's always a good idea to talk to a grown-up you trust, like a parent or a doctor.
data/raw/hecat/MEH.pdf	10	Mental and Emotional Health	MEH	1	Core Concepts	knowledge	12	9-12	38	MEH1.12.38	Summarize the benefits of living in a diverse society.	HBO 7	Why is it good to have lots of different kinds of people around us?	Hi there! Having lots of different kinds of people around us is really good because it helps us learn new things and see the world in many different ways. When we live in a diverse society, we get to meet people from all sorts of backgrounds, which can teach us about different cultures, beliefs, and lifestyles. This not only makes our community richer but also helps us become more understanding and accepting of others. Plus, it’s fun to learn about new foods, music, and traditions from people who are different from us! So, having diversity around us is like getting a big, colorful puzzle where everyone brings something special to make the picture complete.
data/raw/hecat/MEH.pdf	24	Mental and Emotional Health	MEH	3	Accessing Information	skill	5	3-5	3	MEH3.5.3	Demonstrate how to locate sources of valid mental and emotional health information.		Where can I find out if my feelings are okay and what to do when I'm sad or scared?	Hey there! It's great that you're asking about your feelings. Sometimes we all feel sad or scared, and that's okay! To learn more about your feelings, you can talk to a grown-up you trust, like a parent or teacher. They can help you understand your feelings better. You can also read books or watch videos made for kids about emotions. Libraries and websites for kids have lots of good information. Remember, it's always good to share your feelings with someone who cares about you.
data/raw/hecat/V.pdf	38	Violence Prevention	V	5	Decision-Making	skill	5	3-5	4	V5.5.4	Identify options and their potential outcomes when making a decision that could lead to violence.		Why do we need to be careful about fighting with others and what happens if we do fight?	Hey there! It's really important to be careful about fighting because when we fight, it can make everyone feel sad and upset. Fighting might seem like a quick way to solve a problem, but it often makes things worse. When we fight, we might say mean things or hurt each other, which can cause big problems. Instead, we can talk about our feelings and try to find ways to solve problems together. This helps keep everyone safe and happy. If you ever feel like fighting, remember to take a deep breath, count to ten, and ask a grown-up for help. They can teach you better ways to handle your feelings and solve problems. What do you think are some good ways to deal with feeling angry or upset?
data/raw/hecat/PHW.pdf	9	Personal Health and Wellness	PHW	1	Core Concepts	knowledge	12	9-12	3	PHW1.12.3	Summarize personal strategies for avoiding vision damage.	HBO 3	Why do we need to wear sunglasses and what else can we do to protect our eyes? 	Hey there! Wearing sunglasses is super important because they help shield your eyes from harmful UV rays from the sun. Just like how sunscreen protects your skin, sunglasses protect your eyes. They can help prevent things like cataracts and other eye problems later in life. Besides wearing sunglasses, you can also protect your eyes by not looking directly at the sun, eating foods rich in vitamins A and C, and taking regular breaks if you spend a lot of time looking at screens. It's all about keeping your eyes healthy and happy!
data/raw/hecat/MEH.pdf	52	Mental and Emotional Health	MEH	6	Goal Setting	skill	12	9-12	1	MEH6.12.1	Assess personal mental and emotional health practices and behaviors.		What are some good ways to feel happy inside when I'm sad?	It's really important to take care of your feelings when you're sad. Some good ways to feel happier can be doing things you enjoy, like drawing, reading, or playing with friends. Talking to someone you trust, like a parent or teacher, can also help a lot. Sometimes, it helps to write down your feelings in a journal or do some deep breathing exercises. Remember, it's okay to have sad feelings sometimes, and taking time to understand and care for yourself is very important.
data/raw/hecat/FN.pdf	40	Food and Nutrition	FN	5	Decision-Making	skill	8	6-8	7	FN5.8.7	Choose a food or beverage that fits with a healthy eating pattern when making a decision about what to eat or drink.		Why do we need to choose foods that are good for us when we're picking what to eat?	Hey there! When we choose foods that are good for us, it's like giving our bodies the best building blocks to grow strong and stay healthy. Just like how you need the right toys to build a cool tower, our bodies need the right foods to help us grow big and strong. Eating healthy foods helps our brains work better, gives us more energy to play and learn, and keeps us feeling happy and full of energy throughout the day. So, picking foods that fit into a healthy eating pattern is like choosing the best ingredients to make a yummy and nutritious meal!
data/raw/hecat/SH.pdf	3	Sexual Health	SH	1	Core Concepts	knowledge	2	Pre-K-2	4	SH1.2.4	Identify the benefits of healthy peer relationships.	HBO 2	Why are friends so important?	Friends are really important because they make us feel happy and safe. When we have good friends, we can share our toys, play games together, and talk about things that make us laugh. Friends also help us learn new things and teach us how to be kind to others. It's nice to have someone to play with and share your feelings with. Having good friends makes life more fun and helps us grow into big, friendly people!
data/raw/hecat/SH.pdf	7	Sexual Health	SH	1	Core Concepts	knowledge	8	6-8	28	SH1.8.28	Explain how to receive consent and accept a lack or retraction of consent for sexual behaviors.	HBO 4|HBO 6|HBO 7|HBO 9	What does it mean to say 'no' to someone who wants to do something private with me, and how do I know if they really mean it? 	Hey there! Saying 'no' means you're not comfortable with what someone else wants to do. It's important to listen to your feelings and what makes you feel safe. If someone says 'no,' even if they said 'yes' before, it still means they don't want to do that thing anymore. It's okay to say 'no' anytime you feel uncomfortable. If you ever feel unsure about what someone means, it's best to talk it over with a grown-up you trust, like a parent or teacher. They can help you understand better and keep you safe.
data/raw/hecat/PA.pdf	57	Physical Activity	PA	7	Self-Management	skill	12	9-12	2	PA7.12.2	Evaluate personal practices and behaviors that reduce or prevent sedentary behavior.		Why do we need to move around instead of just sitting all day?	Hey there! It's really important to move around instead of just sitting all day because our bodies are like super cool machines that need different types of fuel to work well. When you sit for too long, it's like not giving your body enough energy to stay healthy and strong. Moving around helps your heart pump better, keeps your muscles strong, and even helps your brain work better! So, think of moving as a way to give your body a boost of energy and keep it happy and healthy. It's always good to talk to a grown-up if you have more questions about this!
data/raw/hecat/FN.pdf	7	Food and Nutrition	FN	1	Core Concepts	knowledge	8	6-8	18	FN1.8.18	Explain how to select nutrient-dense foods when dining out.	HBO 7|HBO 8|HBO 9|HBO 11|HBO 12	What are nutrient-dense foods and how do I know which ones to choose when eating at a restaurant?	Hey there! Nutrient-dense foods are yummy foods that give you lots of good stuff for your body, like vitamins and minerals. When you're at a restaurant, try to pick foods that have more of these good things. For example, you can choose grilled chicken or fish instead of fried foods, and go for veggies and fruits as sides. Also, look for dishes that use healthy fats like olive oil or avocados. This way, you get tasty food that also helps keep your body strong and healthy!
data/raw/hecat/T.pdf	24	Tobacco-Use Prevention	T	3	Accessing Information	skill	12	9-12	7	T3.12.7	Use resources that provide valid tobacco-related prevention and cessation information.		Where can I find good books or websites to learn why smoking is bad for you?	Great question! There are lots of good places to learn about why smoking isn't good for you. You can check out books from the library or websites like the CDC (Centers for Disease Control and Prevention) or the American Lung Association. They have lots of information about how smoking can hurt your body. It's also helpful to talk to a grown-up you trust, like a parent or teacher, if you have more questions. They can help you find more resources and explain things in a way that makes sense to you.
data/raw/hecat/FN.pdf	48	Food and Nutrition	FN	6	Goal Setting	skill	8	6-8	1	FN6.8.1	Assess personal eating practices.		Why do I need to eat vegetables if I don't like them? Can't I just eat candy all day?	It's great that you're asking about food! Vegetables are important because they give our bodies lots of good things it needs to grow strong and stay healthy. Even if you don't like them right now, there are many yummy ways to enjoy veggies, like in smoothies or with dips. Eating a variety of foods helps make sure you get all the nutrients you need. Candy is okay sometimes, but it doesn't have the same vitamins and minerals as vegetables. It's best to try to eat a mix of different foods to keep your body happy and strong. Remember, it's okay to not love everything, but it's important to try and find healthy foods you enjoy.
data/raw/hecat/V.pdf	62	Violence Prevention	V	8	Advocacy	skill	5	3-5	1	V8.5.1	Give factual information to others to prevent violence.		Why should I tell my friend not to hit someone if they get mad?	It's really important to tell your friend not to hit someone, even if they're mad. When people get angry, it's okay to feel that way, but hitting isn't a good way to solve problems. Instead, you can help your friend use their words to talk about how they feel. This keeps everyone safe and helps them learn to handle their feelings in a better way. Remember, it's always good to speak up if you see something that might hurt someone else.
data/raw/hecat/MEH.pdf	28	Mental and Emotional Health	MEH	3	Accessing Information	skill	12	9-12	9	MEH3.12.9	Use valid mental and emotional health services when needed or appropriate.		What are mental health services and why do I need them if I'm feeling sad or worried?	Hey there! Mental health services are like special helpers that can support you when you're feeling really sad, worried, or overwhelmed. They can be things like talking to a counselor or therapist who has special training to help people feel better. Sometimes, just talking about what's bothering you can make a big difference. It's important to use these services if you're having a hard time because they can give you tools and strategies to manage your feelings and improve your mood. Remember, it's okay to ask for help, and taking care of your mental health is just as important as taking care of your physical health.
data/raw/hecat/SH.pdf	6	Sexual Health	SH	1	Core Concepts	knowledge	8	6-8	4	SH1.8.4	Describe the relationship between the menstrual cycle and conception.	HBO 1|HBO 7|HBO 10	Why do girls get their period and how does it help them have babies someday?	Hi there! Girls get their period because their bodies are getting ready for a possible pregnancy. During the menstrual cycle, the body makes special cells called eggs in the ovaries. These eggs travel down a tube called a fallopian tube. If a girl has sex and the egg meets a sperm (which is from a boy), the egg can stick to the inside of her uterus. This is called conception, and it means she might be able to have a baby. But if no sperm meet the egg, the body gets rid of the extra stuff that was getting ready for a baby by having a period. So, periods help girls' bodies prepare for having babies, but they also show that no baby is going to happen this time.
data/raw/hecat/SH.pdf	12	Sexual Health	SH	1	Core Concepts	knowledge	12	9-12	58	SH1.12.58	Describe the importance of ‘time-alone’ between young people and the healthcare provider (e.g., doctor, nurse) to discuss sexual and reproductive health and other sensitive health topics.	HBO 4|HBO 6|HBO 7|HBO 10	Why do I need to have my own time with the doctor to talk about private stuff like my body and stuff like that?	Hey there! It's really important to have some alone time with the doctor or nurse to talk about your body and other private things. This way, you can share anything you want without anyone else hearing. Doctors and nurses are there to help keep you healthy, and they know it's easier for you to ask questions and talk about sensitive stuff when you're not worried about others overhearing. Plus, they can give you the best advice tailored just for you. So, having this private time helps make sure you get the care you need and feel comfortable asking all the questions you might have.
data/raw/hecat/S.pdf	4	Safety	S	1	Core Concepts	knowledge	5	3-5	16	S1.5.16	Explain why household products are harmful if ingested or inhaled.	HBO 4|HBO 5|HBO 6|HBO 8	Why are some things in the house yucky if we eat them or breathe them in?	Hey there! Some things in the house might look or smell okay, but they're not meant for eating or breathing in. These products have special ingredients that can make you feel sick if you swallow them or breathe them in. It's important to keep them away from your mouth and nose, and always ask a grown-up before touching anything new in the house. They can help explain what's safe and what's not!
data/raw/hecat/PHW.pdf	43	Personal Health and Wellness	PHW	5	Decision-Making	skill	12	9-12	8	PHW5.12.8	Evaluate the effectiveness of personal health and wellness-related decisions.		How do I know if the choices I make about my health are good ones?	Great question! When you make choices about your health, it's important to think about how those choices affect your body and overall well-being. For example, eating healthy foods can help you feel better and have more energy, while getting enough sleep helps your body recover and grow. To know if your choices are good ones, consider how they make you feel both in the short term and over time. If you notice that you're feeling healthier, happier, and more energetic, then you're probably making good choices! Also, remember to talk to your parents or a doctor if you have any concerns about your health choices.
